{"cameraMode":{"drawMode":0,"name":"Shaded","section":"Shading Mode"},"sceneLighting":false,"audioPlay":false,"sceneViewState":{"showFog":true,"showMaterialUpdate":true,"showSkybox":false,"showFlares":true,"showImageEffects":true,"showParticleSystems":true},"in2DMode":false,"pivot":{"x":3.2976999282836916,"y":2.1929001808166506,"z":-0.5039002895355225},"rotation":{"x":-0.05454706400632858,"y":0.8517853617668152,"z":-0.09125400334596634,"w":-0.5132648944854736},"size":9.335270881652832,"orthographic":true}