{"cameraMode":{"drawMode":0,"name":"Shaded","section":"Shading Mode"},"sceneLighting":true,"audioPlay":false,"sceneViewState":{"showFog":true,"showMaterialUpdate":true,"showSkybox":true,"showFlares":true,"showImageEffects":true,"showParticleSystems":true},"in2DMode":false,"pivot":{"x":115.03753662109375,"y":81.90240478515625,"z":100.37496948242188},"rotation":{"x":0.04178208112716675,"y":0.9540819525718689,"z":-0.15427900850772859,"w":0.2539367377758026},"size":300.2306213378906,"orthographic":true}