{"cameraMode":{"drawMode":0,"name":"Shaded","section":"Shading Mode"},"sceneLighting":false,"audioPlay":false,"sceneViewState":{"showFog":true,"showMaterialUpdate":true,"showSkybox":false,"showFlares":true,"showImageEffects":true,"showParticleSystems":true},"in2DMode":false,"pivot":{"x":-2.064697265625,"y":198.14849853515626,"z":62.62176513671875},"rotation":{"x":0.08829793334007263,"y":-0.04073283448815346,"z":0.0042251828126609329,"w":0.9954040050506592},"size":5082.93017578125,"orthographic":true}