{"cameraMode":{"drawMode":0,"name":"Shaded","section":"Shading Mode"},"sceneLighting":false,"audioPlay":false,"sceneViewState":{"showFog":true,"showMaterialUpdate":false,"showSkybox":false,"showFlares":true,"showImageEffects":true,"showParticleSystems":true},"in2DMode":false,"pivot":{"x":161.1999969482422,"y":15.75,"z":311.1319885253906},"rotation":{"x":-0.15314438939094544,"y":-0.23675137758255006,"z":0.03781456872820854,"w":-0.9587269425392151},"size":198.81033325195313,"orthographic":true}