{"cameraMode":{"drawMode":0,"name":"Shaded","section":"Shading Mode"},"sceneLighting":false,"audioPlay":false,"sceneViewState":{"showFog":true,"showMaterialUpdate":true,"showSkybox":false,"showFlares":true,"showImageEffects":true,"showParticleSystems":true},"in2DMode":false,"pivot":{"x":315.76800537109377,"y":6.057246685028076,"z":333.0584411621094},"rotation":{"x":0.1762600690126419,"y":0.08816688507795334,"z":-0.015956711024045945,"w":0.9803619980812073},"size":21.249847412109376,"orthographic":true}