{"cameraMode":{"drawMode":0,"name":"Shaded","section":"Shading Mode"},"sceneLighting":false,"audioPlay":false,"sceneViewState":{"showFog":true,"showMaterialUpdate":false,"showSkybox":false,"showFlares":true,"showImageEffects":true,"showParticleSystems":true},"in2DMode":false,"pivot":{"x":46.49138641357422,"y":175.525390625,"z":134.00106811523438},"rotation":{"x":0.12046123296022415,"y":-0.36457139253616335,"z":0.04762481525540352,"w":0.9221251010894775},"size":4.482839584350586,"orthographic":true}