{"cameraMode":{"drawMode":0,"name":"Shaded","section":"Shading Mode"},"sceneLighting":false,"audioPlay":false,"sceneViewState":{"showFog":true,"showMaterialUpdate":true,"showSkybox":false,"showFlares":true,"showImageEffects":true,"showParticleSystems":true},"in2DMode":false,"pivot":{"x":0.020758531987667085,"y":0.024751830846071245,"z":-0.1116529032588005},"rotation":{"x":0.0726723000407219,"y":0.9260159730911255,"z":-0.22941167652606965,"w":0.29128405451774599},"size":0.14855821430683137,"orthographic":true}