{"cameraMode":{"drawMode":0,"name":"Shaded","section":"Shading Mode"},"sceneLighting":false,"audioPlay":false,"sceneViewState":{"showFog":true,"showMaterialUpdate":true,"showSkybox":false,"showFlares":true,"showImageEffects":true,"showParticleSystems":true},"in2DMode":false,"pivot":{"x":353.7514953613281,"y":9.261064529418946,"z":-34.53626251220703},"rotation":{"x":0.05746854841709137,"y":0.18373146653175355,"z":-0.010758016258478165,"w":0.9812437891960144},"size":48.423095703125,"orthographic":true}