{"cameraMode":{"drawMode":0,"name":"Shaded","section":"Shading Mode"},"sceneLighting":true,"audioPlay":false,"sceneViewState":{"showFog":true,"showMaterialUpdate":true,"showSkybox":false,"showFlares":true,"showImageEffects":true,"showParticleSystems":true},"in2DMode":false,"pivot":{"x":4.441898345947266,"y":-11.35400104522705,"z":-9.164999961853028},"rotation":{"x":-0.01463860459625721,"y":-0.8849130868911743,"z":-0.027888670563697816,"w":0.464726984500885},"size":2.7090280055999758,"orthographic":true}