{"cameraMode":{"drawMode":0,"name":"Shaded","section":"Shading Mode"},"sceneLighting":false,"audioPlay":false,"sceneViewState":{"showFog":true,"showMaterialUpdate":true,"showSkybox":false,"showFlares":true,"showImageEffects":true,"showParticleSystems":true},"in2DMode":false,"pivot":{"x":74.31208038330078,"y":82.7835464477539,"z":217.23284912109376},"rotation":{"x":0.04178208112716675,"y":0.9540819525718689,"z":-0.15427900850772859,"w":0.2539367377758026},"size":942.586669921875,"orthographic":true}