{"cameraMode":{"drawMode":0,"name":"Shaded","section":"Shading Mode"},"sceneLighting":false,"audioPlay":false,"sceneViewState":{"showFog":true,"showMaterialUpdate":true,"showSkybox":false,"showFlares":true,"showImageEffects":true,"showParticleSystems":true},"in2DMode":false,"pivot":{"x":-0.0005254745483398438,"y":-3.4900364875793459,"z":-0.0900125503540039},"rotation":{"x":0.2807159423828125,"y":0.5274825692176819,"z":-0.19017267227172852,"w":0.7790639400482178},"size":111.19857788085938,"orthographic":true}