{"cameraMode":{"drawMode":0,"name":"Shaded","section":"Shading Mode"},"sceneLighting":false,"audioPlay":false,"sceneViewState":{"showFog":true,"showMaterialUpdate":true,"showSkybox":false,"showFlares":true,"showImageEffects":true,"showParticleSystems":true},"in2DMode":false,"pivot":{"x":-0.2765998840332031,"y":0.5916000008583069,"z":9.524100303649903},"rotation":{"x":0.12494309991598129,"y":-0.6992313265800476,"z":0.12615489959716798,"w":0.6925216317176819},"size":9.337761878967286,"orthographic":true}